{
  "column_proportions": [
    0.0,
    0.220462850182704,
    0.2971985383678441,
    0.38855054811205847,
    0.46650426309378806,
    0.5749086479902558,
    0.6492082825822169,
    0.7710109622411693,
    0.8867235079171741,
    0.9999
  ],
  "row_proportions": [
    0.0,
    0.03333333333333333,
    0.06666666666666667,
    0.1,
    0.13333333333333333,
    0.16666666666666666,
    0.2,
    0.23333333333333334,
    0.26666666666666666,
    0.3,
    0.3333333333333333,
    0.36666666666666664,
    0.4,
    0.43333333333333335,
    0.4666666666666667,
    0.5,
    0.5333333333333333,
    0.5666666666666667,
    0.6,
    0.6333333333333333,
    0.6666666666666666,
    0.7,
    0.7333333333333333,
    0.7666666666666667,
    0.8,
    0.8333333333333334,
    0.8666666666666667,
    0.9,
    0.9333333333333333,
    0.9666666666666667,
    0.9999
  ],
  "num_columns": 9,
  "num_rows": 30,
  "column_titles": [
    "var",
    "pre",
    "zscore",
    "lln",
    "%predpre",
    "post",
    "zscore post",
    "%predpost",
    "%changepost"
  ],
  "row_titles": [
    "",
    "--fvc--",
    "fvc",
    "fev1",
    "fev1/fvc",
    "fef25%",
    "fef75%",
    "fef25-75%",
    "fefmax",
    "fivc",
    "testgrade",
    "",
    "--svc--",
    "svc",
    "ic",
    "erv",
    "",
    "--pleth--",
    "tgv",
    "rvpleth",
    "tlcpleth",
    "rv/tlcpleth",
    "",
    "--dlco--",
    "dlcounc",
    "dlcocor",
    "dl/va",
    "va",
    "kco",
    "ats grades"
  ],
  "empty_rows": [
    12,
    17,
    23,
    31
  ],
  "character_rows": [
    11,
    30
  ],
  "columns_percent": [
    4
  ],
  "decimal_precision": 2,
  "rows_percent": []
}