{
  "column_proportions": [
    0.04963235294117647,
    0.6666666666666666
  ],
  "row_proportions": [
    0.10144927536231885,
    0.5,
    0.75
  ],
  "num_columns": 3,
  "num_rows": 4,
  "column_titles": [
    "2",
    "",
    "",
    "",
    ""
  ],
  "row_titles": [
    "",
    "2",
    "3",
    "",
    "",
    ""
  ]
}