{
  "column_proportions": [
    0.0,
    0.1906653426017875,
    0.34657398212512414,
    0.4617676266137041,
    0.6693147964250248,
    0.7765640516385303,
    0.8798411122144985,
    0.9999
  ],
  "row_proportions": [
    0.0,
    0.11678832116788321,
    0.3175182481751825,
    0.45985401459854014,
    0.5985401459854015,
    0.8333333333333334,
    0.9999
  ],
  "num_columns": 7,
  "num_rows": 6,
  "column_titles": [
    "''",
    "Predicted",
    "Best",
    "%pred",
    "1",
    "2",
    "3"
  ],
  "row_titles": [
    "",
    "FVC",
    "FEV1",
    "FEV1/FVC",
    "FEF",
    "PEF"
  ],
  "empty_rows": [],
  "character_rows": [],
  "columns_percent": [
    4
  ],
  "decimal_precision": 2,
  "rows_percent": [
    4
  ]
}